"Timestamp","Barometric Pressure Hecto Pascals","Wind direction minimum Degrees","Wind direction average Degrees","Wind direction maximum Degrees","Wind speed minimum m/s","Wind speed average m/s","Wind speed maximum m/s","Air temperature Celsius","Internal temperature Celsius","Relative humidity  % RH","Rain accumulation  Millimeters","Rain duration Hours","Rain intensity mm/h","Hail accumulation Count","Hail duration ","Hail intensity  -","Rain peak intensity mm/h","Hail peak intensity ","Water level Meters","Solar radiation W/m^2","Heating temperature Celsius","Heating voltage Volts","Supply voltage Volts","3.5V ref. voltage Volts"
1714363333000,1019.4,59,71,77,5.1,5.4,5.8,24,24,65.8,354.7,5.491666666666666,0,0,30,0,136.8,1,0.19444324848484817,-0.00333167,0,0,13.3,3.624
1714363634000,1019.4,70,85,95,4.1,5,5.8,24,24,66.3,354.7,5.491666666666666,0,0,30,0,136.8,1,0.17924460606060588,-0.00397278,0,0,13.2,3.622
1714363935000,1019.5,54,65,90,2.7,4.1,5.2,24,24,68.3,354.7,5.491666666666666,0,0,30,0,136.8,1,0.18975456969696958,-0.00429859,0,0,13.2,3.622
1714364236000,1019.6,78,89,96,2.7,4.1,5.6,24,24,67,354.7,5.491666666666666,0,0,30,0,136.8,1,0.1798124606060607,-0.00397278,0,0,13.3,3.623
1714364537000,1019.3,39,50,73,3.9,6.1,8.1,24,24,66.4,354.7,5.491666666666666,0,0,30,0,136.8,1,0.18525827878787848,-0.00479256,0,0,13.3,3.623
1714364838000,1019.4,36,53,64,3.7,5.2,6.3,24,24,66.5,354.7,5.491666666666666,0,0,30,0,136.8,1,0.17640533333333308,-0.005276019999999999,0,0,13.3,3.623
1714365139000,1019.4,92,99,106,4.5,5.8,7.4,24,24,67.3,354.7,5.491666666666666,0,0,30,0,136.8,1,0.18739006060606034,-0.00365748,0,0,13.2,3.623
1714365440000,1019.1,33,58,77,5.4,7.3,8.8,23.9,23.9,65,354.7,5.491666666666666,0,0,30,0,136.8,1,0.20424572121212092,-0.00365748,0,0,13.2,3.623
1714365741000,1019.4,53,72,83,3.9,4.4,4.8,24,24,66.4,354.7,5.491666666666666,0,0,30,0,136.8,1,0.1757412848484845,-0.00365748,0,0,13.2,3.623
1714366042000,1019.3,38,50,63,4,5.9,7.8,24,24,65.6,354.7,5.491666666666666,0,0,30,0,136.8,1,0.21286283636363623,-0.00365748,0,0,13.2,3.623
1714366343000,1019.3,80,87,91,5.5,6.3,7,24,24,65.8,354.7,5.491666666666666,0,0,30,0,136.8,1,0.18203733333333316,-0.00429859,0,0,13.2,3.623
1714366644000,1019.1,60,69,76,6.1,6.7,7.3,24,24,65,354.7,5.491666666666666,0,0,30,0,136.8,1,0.15571432727272705,-0.004466749999999999,0,0,13.2,3.624
1714366945000,1019,105,113,122,5.5,6.1,6.8,24,24,62.3,354.7,5.491666666666666,0,0,30,0,136.8,1,0.19983941818181794,-0.004466749999999999,0,0,13.2,3.623
1714367246000,1019.1,58,67,83,3.7,4.6,5.5,24.1,24.1,63.5,354.7,5.491666666666666,0,0,30,0,136.8,1,0.17403772121212113,-0.00495021,0,0,13.2,3.623
1714367547000,1019,52,70,78,2.8,3.4,4.1,24,24,62.1,354.7,5.491666666666666,0,0,30,0,136.8,1,0.18620470303030268,-0.005276019999999999,0,0,13.2,3.623
1714367848000,1019,67,79,85,4.2,5.4,6.7,24.1,24.1,62.5,354.7,5.491666666666666,0,0,30,0,136.8,1,0.19524693333333287,-0.00397278,0,0,13.2,3.623
1714368149000,1019,68,78,92,3.9,5.6,6.9,24.1,24.1,64.6,354.7,5.491666666666666,0,0,30,0,136.8,1,0.15396111515151478,-0.00381513,0,0,13.2,3.623
1714368450000,1018.8,68,89,107,4.1,4.9,5.4,24,24,62.4,354.7,5.491666666666666,0,0,30,0,136.8,1,0.18989730909090907,-0.00576999,0,0,13.2,3.624
1714368751000,1018.8,66,81,97,3.1,4.3,4.9,24,24,62.8,354.7,5.491666666666666,0,0,30,0,136.8,1,0.16731345454545443,-0.00479256,0,0,13.2,3.622
1714369052000,1018.8,73,81,88,4.9,5.3,5.6,24,24,60.3,354.7,5.491666666666666,0,0,30,0,136.8,1,0.19022933333333314,-0.0046244,0,0,13.2,3.623
1714369353000,1018.8,47,57,74,6.6,7.4,8,23.9,23.9,60.4,354.7,5.491666666666666,0,0,30,0,136.8,1,0.17356295757575735,-0.004466749999999999,0,0,13.2,3.623
1714369654000,1018.7,75,80,82,3.2,3.7,4.3,24,24,63.4,354.7,5.491666666666666,0,0,30,0,136.8,1,0.14539054545454544,-0.00495021,0,0,13.2,3.623
1714369955000,1018.8,75,95,112,4.1,4.6,5.1,23.9,23.9,61.3,354.7,5.491666666666666,0,0,30,0,136.8,1,0.13909449696969656,-0.005276019999999999,0,0,13.2,3.622
1714370256000,1018.7,90,95,100,6.8,8.2,9,24,24,62.1,354.7,5.491666666666666,0,0,30,0,136.8,1,0.16579917575757563,-0.0046244,0,0,13.2,3.623
1714370557000,1018.7,96,106,115,5,6,7.1,24,24,61.8,354.7,5.491666666666666,0,0,30,0,136.8,1,0.1278739393939392,-0.004466749999999999,0,0,13.2,3.623
1714370858000,1018.6,72,79,86,3.9,4.9,5.9,23.9,23.9,60,354.7,5.491666666666666,0,0,30,0,136.8,1,0.0966233212121208,-0.005276019999999999,0,0,13.2,3.623
1714371159000,1018.5,79,91,107,3.6,4.2,4.6,23.9,23.9,60.8,354.7,5.491666666666666,0,0,30,0,136.8,1,0.11537493333333293,-0.00429859,0,0,13.2,3.623
1714371460000,1018.4,85,100,112,5.5,5.7,6.5,24,24,64.3,354.7,5.491666666666666,0,0,30,0,136.8,1,0.1295309575757575,-0.00397278,0,0,13.2,3.623
1714371761000,1018.4,73,79,90,5.3,5.5,6.3,23.9,23.9,63.3,354.7,5.491666666666666,0,0,30,0,136.8,1,0.07797100606060581,-0.00560183,0,0,13.2,3.624
1714372062000,1018.4,103,114,127,3.5,4.3,5.3,23.9,23.9,62,354.7,5.491666666666666,0,0,30,0,136.8,1,0.05481619393939363,-0.0046244,0,0,13.2,3.623
1714372363000,1018.3,79,85,93,3.9,4.5,4.9,23.9,23.9,62.5,354.7,5.491666666666666,0,0,30,0,136.8,1,-0.07969706666666676,-0.00316351,0,0,13.2,3.623
1714372664000,1018.3,90,98,110,5.2,5.6,6,23.9,23.9,63.7,354.7,5.491666666666666,0,0,30,0,136.8,1,0.07129328484848463,-0.00495021,0,0,13.2,3.623
1714372965000,1018.3,66,73,88,3.7,4.4,5.5,23.9,23.9,62,354.7,5.491666666666666,0,0,30,0,136.8,1,0.05282715151515127,-0.004466749999999999,0,0,13.2,3.623
1714373266000,1018.3,68,73,80,4.3,4.5,4.8,23.9,23.9,62.5,354.7,5.491666666666666,0,0,30,0,136.8,1,0.02925032727272714,-0.00381513,0,0,13.2,3.623
1714373567000,1018.4,46,67,86,2.5,3.3,4.1,23.9,23.9,59.7,354.7,5.491666666666666,0,0,30,0,136.8,1,0.009601939393939052,-0.00414094,0,0,13.2,3.623
1714373868000,1018.3,38,55,67,4.1,5.3,7,24,24,61.5,354.7,5.491666666666666,0,0,30,0,136.8,1,0.00235636363636349,-0.0046244,0,0,13.2,3.623
1714374169000,1018.2,98,112,134,2.2,2.6,3.7,23.9,23.9,60.8,354.7,5.491666666666666,0,0,30,0,136.8,1,-0.022452363636363604,-0.0046244,0,0,13.2,3.623
1714374470000,1018.3,95,104,121,2.6,3.2,3.6,24,24,65.2,354.7,5.491666666666666,0,0,30,0,136.8,1,0.003302787878787905,-0.00479256,0,0,13.2,3.623
1714374771000,1018.2,52,75,89,2.9,3.5,3.9,23.9,23.9,60.7,354.7,5.491666666666666,0,0,30,0,136.8,1,-0.02065570909090919,-0.00381513,0,0,13.2,3.623
1714375072000,1018.1,76,83,87,3.7,5.6,7,23.9,23.9,60.4,354.7,5.491666666666666,0,0,30,0,136.8,1,-0.0293193696969698,-0.0046244,0,0,13.2,3.623
1714375373000,1018.2,94,99,110,4.8,6.2,6.9,23.9,23.9,58.7,354.7,5.491666666666666,0,0,30,0,136.8,1,-0.04882501818181839,-0.00397278,0,0,13.2,3.623
1714375674000,1018.1,64,90,112,4.9,5.7,7,23.9,23.9,60.2,354.7,5.491666666666666,0,0,30,0,136.8,1,-0.060805818181818516,-0.00479256,0,0,13.2,3.623
1714375975000,1018.1,84,96,105,4.6,5.2,6.3,23.8,23.8,56.9,354.7,5.491666666666666,0,0,30,0,136.8,1,-0.09887069090909106,-0.00429859,0,0,13.2,3.623
1714376276000,1018,80,98,113,2.9,3.5,4.3,23.9,23.9,57.7,354.7,5.491666666666666,0,0,30,0,136.8,1,-0.09039631515151525,-0.00414094,0,0,13.2,3.623
1714376577000,1018,65,75,87,4.3,5.2,6.2,23.9,23.9,59.8,354.7,5.491666666666666,0,0,30,0,136.8,1,-0.10019878787878778,-0.0046244,0,0,13.2,3.624
1714376878000,1018,75,88,99,4.2,4.7,5.2,23.9,23.9,60.9,354.7,5.491666666666666,0,0,30,0,136.8,1,-0.1264752484848488,-0.0046244,0,0,13.2,3.624
1714377179000,1017.8,88,96,108,3.3,3.8,4.2,23.9,23.9,61,354.7,5.491666666666666,0,0,30,0,136.8,1,-0.13442831515151532,-0.005276019999999999,0,0,13.2,3.623
1714377480000,1017.8,51,68,90,3.9,4.7,6.4,23.9,23.9,58.7,354.7,5.491666666666666,0,0,30,0,136.8,1,-0.15815098181818188,-0.004466749999999999,0,0,13.2,3.623
1714377781000,1017.9,55,68,76,3.2,3.5,4.1,23.9,23.9,59.8,354.7,5.491666666666666,0,0,30,0,136.8,1,-0.16274346666666695,-0.00365748,0,0,13.2,3.623
1714378082000,1017.8,66,72,85,3.3,5.2,6.9,23.9,23.9,55.1,354.7,5.491666666666666,0,0,30,0,136.8,1,-0.15114123636363663,-0.00365748,0,0,13.2,3.622
1714378383000,1017.8,92,102,111,5.2,5.3,5.7,23.9,23.9,56.8,354.7,5.491666666666666,0,0,30,0,136.8,1,-0.162836557575758,-0.00576999,0,0,13.2,3.623
1714378684000,1017.8,75,92,102,5.9,6.4,6.9,23.9,23.9,61.2,354.7,5.491666666666666,0,0,30,0,136.8,1,-0.18447398787878821,-0.0046244,0,0,13.2,3.623
1714378985000,1017.8,93,102,111,4.5,4.8,5.3,24,24,61.5,354.7,5.491666666666666,0,0,30,0,136.8,1,-0.20592213333333342,-0.00429859,0,0,13.2,3.623
1714379286000,1017.8,81,92,96,4.8,5.2,5.5,23.9,23.9,60.6,354.7,5.491666666666666,0,0,30,0,136.8,1,-0.2233456484848486,-0.00479256,0,0,13.2,3.624
1714379587000,1017.6,98,113,128,3,4.6,5.6,23.9,23.9,60.6,354.7,5.491666666666666,0,0,30,0,136.8,1,-0.23603704242424284,-0.00495021,0,0,13.2,3.623
1714379888000,1017.6,74,88,95,3.4,4.7,5.4,23.9,23.9,62,354.7,5.491666666666666,0,0,30,0,136.8,1,-0.2582423272727272,-0.0034893199999999997,0,0,13.2,3.623
1714380189000,1017.6,73,85,94,5.3,6.1,6.7,23.9,23.9,61.4,354.7,5.491666666666666,0,0,30,0,136.8,1,-0.2675203878787884,-0.00429859,0,0,13.2,3.623
1714380490000,1017.6,82,89,107,3.3,4,4.8,23.9,23.9,61.8,354.7,5.491666666666666,0,0,30,0,136.8,1,-0.27396227878787904,-0.005276019999999999,0,0,13.2,3.623
1714380791000,1017.5,97,103,111,6.7,7,7.3,23.9,23.9,62.3,354.7,5.491666666666666,0,0,30,0,136.8,1,-0.2935641212121216,-0.00365748,0,0,13.2,3.623
1714381092000,1017.5,97,106,127,3.8,4.6,5,23.9,23.9,63.8,354.7,5.491666666666666,0,0,30,0,136.8,1,-0.30743466666666697,-0.00414094,0,0,13.2,3.622
1714381393000,1017.6,98,103,110,4.5,5,5.5,23.9,23.9,63.6,354.7,5.491666666666666,0,0,30,0,136.8,1,-0.3000029090909089,-0.0046244,0,0,13.2,3.623
1714381694000,1017.6,107,112,117,5.6,5.8,6.1,24,24,63.7,354.7,5.491666666666666,0,0,30,0,136.8,1,-0.311648581818182,-0.0046244,0,0,13.2,3.623
1714381995000,1017.6,95,102,113,3.9,4.3,4.7,24.1,24.1,58.8,354.7,5.491666666666666,0,0,30,0,136.8,1,-0.32344009696969733,-0.00511837,0,0,13.2,3.623
1714382296000,1017.6,74,90,98,5.2,5.7,6.8,24.1,24.1,60.6,354.7,5.491666666666666,0,0,30,0,136.8,1,-0.3244796121212121,-0.00429859,0,0,13.2,3.623
1714382597000,1017.6,91,113,135,3.9,4.2,4.6,24,24,60.4,354.7,5.491666666666666,0,0,30,0,136.8,1,-0.3519414303030306,-0.00429859,0,0,13.2,3.623
1714382898000,1017.6,71,91,119,3,3.6,4.1,24.1,24.1,66.9,354.7,5.491666666666666,0,0,30,0,136.8,1,-0.34834191515151547,-0.00479256,0,0,13.2,3.623
1714383199000,1017.7,77,87,100,5,5.7,6.3,23.8,23.8,67.3,354.7,5.491666666666666,0,0,30,0,136.8,1,-0.3728217212121212,-0.00429859,0,0,13.2,3.623
1714383500000,1017.7,79,88,93,3.6,4.3,4.7,23.7,23.7,68.4,354.7,5.491666666666666,0,0,30,0,136.8,1,-0.37793551515151513,-0.00381513,0,0,13.2,3.623
1714383801000,1017.7,63,81,95,4.6,5.5,6.9,23.7,23.7,65.6,354.7,5.491666666666666,0,0,30,0,136.8,1,-0.38730976969696984,-0.00511837,0,0,13.2,3.623
1714384102000,1017.8,95,102,107,4.3,5.1,5.4,23.9,23.9,66.5,354.7,5.491666666666666,0,0,30,0,136.8,1,-0.40534768484848493,-0.00429859,0,0,13.2,3.624
1714384403000,1017.8,87,98,110,3.1,3.8,4.4,23.9,23.9,66.9,354.7,5.491666666666666,0,0,30,0,136.8,1,-0.40194055757575775,-0.00576999,0,0,13.2,3.623
1714384704000,1017.9,100,105,116,4.4,4.8,5.1,23.9,23.9,63.8,354.7,5.491666666666666,0,0,30,0,136.8,1,-0.4158142060606065,-0.00479256,0,0,13.2,3.623
1714385005000,1017.8,110,114,115,6,6.1,6.3,24,24,65.4,354.7,5.491666666666666,0,0,30,0,136.8,1,-0.42054632727272745,-0.004466749999999999,0,0,13.2,3.623
1714385306000,1017.9,91,103,121,5.6,6.2,7,24,24,62.6,354.7,5.491666666666666,0,0,30,0,136.8,1,-0.4216851393939396,-0.00365748,0,0,13.2,3.622
1714385607000,1018,102,110,117,3,3.5,3.9,24,24,65.6,354.7,5.491666666666666,0,0,30,0,136.8,1,-0.42485643636363646,-0.00429859,0,0,13.2,3.623
1714385908000,1018.1,97,107,125,5.2,5.9,6.8,24,24,63.2,354.7,5.491666666666666,0,0,30,0,136.8,1,-0.43333081212121227,-0.00381513,0,0,13.2,3.623
1714386209000,1018,85,105,118,4.5,4.9,5.4,24.1,24.1,66.4,354.7,5.491666666666666,0,0,30,0,136.8,1,-0.4410480484848489,-0.00381513,0,0,13.2,3.622
1714386510000,1017.9,74,83,93,4.7,5.6,6.3,24.1,24.1,67,354.7,5.491666666666666,0,0,30,0,136.8,1,-0.44995064242424254,0.00155548,0,0,13.2,3.623
1714386811000,1018.2,58,80,94,3.2,4.5,5.1,23.9,23.9,67.2,354.7,5.491666666666666,0,0,30,0,136.8,1,-0.453785987878788,0.01425156,0,0,13.2,3.623
1714387112000,1018.2,72,82,101,4.2,4.5,4.7,24,24,70.1,354.7,5.491666666666666,0,0,30,0,136.8,1,-0.4516076606060606,0.036711429999999996,0,0,13.2,3.623
1714387413000,1018.3,87,105,116,4.2,4.7,5.9,23.9,23.9,69.5,354.7,5.491666666666666,0,0,30,0,136.8,1,-0.4404801939393943,0.0541265,0,0,13.2,3.623
1714387714000,1018.3,71,86,99,2.3,4.1,5.1,23.9,23.9,70.6,354.7,5.491666666666666,0,0,30,0,136.8,1,-0.44881493333333333,0.07983396,0,0,13.2,3.623
1714388015000,1018.3,85,95,102,5.1,6.1,6.8,23.8,23.8,70.9,354.7,5.491666666666666,0,0,30,0,136.8,1,-0.4689349818181823,0.1262251,0,0,13.2,3.623
1714388316000,1018.4,66,79,85,3,3.7,4.1,23.8,23.8,71.6,354.7,5.491666666666666,0,0,30,0,136.8,1,-0.4458794666666668,0.18432438,0,0,13.2,3.623
1714388617000,1018.4,100,108,121,4.6,5,6,23.8,23.8,71.5,354.7,5.491666666666666,0,0,30,0,136.8,1,-0.4616459636363639,0.30312942,0,0,13.2,3.622
1714388919000,1018.4,65,80,98,4.7,5.7,7.2,24,24,72,354.7,5.491666666666666,0,0,30,0,136.8,1,-0.46107500606060636,0.43869790999999997,0,0,13.2,3.623
1714389219000,1018.4,94,103,114,5.5,5.7,6.6,23.9,23.9,69.6,354.7,5.491666666666666,0,0,30,0,136.8,1,-0.47959078787878795,0.43478819,0,0,13.2,3.622
1714389520000,1018.4,103,110,115,3.7,4.1,4.6,24,24,68.8,354.7,5.491666666666666,0,0,30,0,136.8,1,-0.4733381818181819,0.6110408900000001,0,0,13.2,3.623
1714389821000,1018.6,95,107,114,4.7,5,5.3,24,24,69.5,354.7,5.491666666666666,0,0,30,0,136.8,1,-0.44379423030303045,1.85020142,0,0,13.2,3.623
1714390122000,1018.6,101,108,117,7.6,8.7,9.7,23.9,23.9,72.3,354.7,5.491666666666666,0,0,30,0,136.8,1,-0.46088572121212135,1.58850242,0,0,13.3,3.623
1714390423000,1018.4,99,103,110,5.7,6.8,7.3,23.7,23.7,70.5,354.7,5.491666666666666,0,0,30,0,136.8,1,-0.5927489939393942,0.7303398999999999,0,0,13.3,3.623
1714390724000,1018.7,95,100,109,5.5,6.2,6.8,23.8,23.8,71.9,354.7,5.491666666666666,0,0,30,0,136.8,1,-0.42111418181818205,0.73619397,0,0,13.3,3.623
1714391025000,1018.7,108,121,129,4.5,5,5.7,23.7,23.7,69.7,354.7,5.491666666666666,0,0,30,0,136.8,1,-0.4408122181818186,2.39980085,0,0,13.3,3.623
1714391326000,1018.7,110,117,122,4.5,5,5.5,23.8,23.8,69.2,354.7,5.491666666666666,0,0,30,0,136.8,1,-0.440055078787879,2.89894177,0,0,13.3,3.623
1714391627000,1018.8,105,122,220,1.2,4.5,6,23.8,23.8,67.1,354.7,5.491666666666666,0,0,30,0,136.8,1,-0.42234608484848524,2.9881296299999995,0,0,13.3,3.623
1714391928000,1018.8,104,114,120,3.9,4.5,5.1,23.9,23.9,68.5,354.7,5.491666666666666,0,0,30,0,136.8,1,-0.4221102545454545,3.3746558999999996,0,0,13.4,3.623
1714392229000,1018.7,97,108,120,4.5,5.3,6,23.8,23.8,68.5,354.7,5.491666666666666,0,0,30,0,136.8,1,-0.4588501333333337,1.0926090899999998,0,0,13.4,3.622
1714392530000,1018.8,101,106,112,5.9,7,7.6,23.8,23.8,69.5,354.7,5.491666666666666,0,0,30,0,136.8,1,-0.4221568000000002,1.158202,0,0,13.4,3.623
1714392831000,1018.9,98,108,117,5,5.9,6.6,23.8,23.8,70.5,354.7,5.491666666666666,0,0,30,0,136.8,1,-0.4025549575757581,1.23745791,0,0,13.4,3.623
1714393132000,1019,112,119,126,5,5.5,5.8,23.8,23.8,71,354.7,5.491666666666666,0,0,30,0,136.8,1,-0.39696950303030354,4.99008494,0,0,13.4,3.622
1714393434000,1019,107,112,120,4.5,4.9,5.2,23.8,23.8,70.7,354.7,5.491666666666666,0,0,30,0,136.8,1,-0.416807175757576,1.79893364,0,0,13.5,3.623
1714393734000,1019,103,114,121,4.5,5.5,6.4,23.8,23.8,70.5,354.7,5.491666666666666,0,0,30,0,136.8,1,-0.3595159272727275,2.0446889699999997,0,0,13.5,3.623
1714394035000,1019,117,120,122,7,7.6,8,23.9,23.9,72.8,354.7,5.491666666666666,0,0,30,0,136.8,1,-0.3819136000000003,2.6829822899999995,0,0,13.6,3.623
1714394336000,1019,113,118,129,6.9,7.9,8.4,23.5,23.5,73.9,354.7,5.491666666666666,0,0,30,0,136.8,1,-0.3675186424242427,2.88186302,0,0,13.7,3.623
1714394637000,1019.1,98,109,117,2.5,2.9,3.5,22.8,22.8,70.1,354.7,5.491666666666666,0,0,30,0,136.8,1,-0.36552960000000034,2.66263493,0,0,13.7,3.623
1714394938000,1019,89,92,99,3.2,3.4,3.8,23.3,23.3,73.2,354.7,5.491666666666666,0,0,30,0,136.8,1,-0.3358429090909092,2.59509767,0,0,13.7,3.623
1714395239000,1019.1,80,92,102,4.4,4.7,4.9,23.8,23.8,75,354.7,5.491666666666666,0,0,30,0,136.8,1,-0.351373575757576,1.99000544,0,0,13.7,3.623
1714395540000,1019.1,116,119,122,6.4,6.8,7.2,23.4,23.4,75.2,354.72,5.4944444444444445,1.6,0,30,0,136.8,1,-0.34043539393939426,1.63228708,0,0,13.7,3.623
1714395841000,1019.1,112,118,122,3.5,3.8,4.1,23.1,23.1,77,354.73,5.502777777777778,0,0,30,0,136.8,1,-0.3106556121212125,2.09041798,0,0,13.7,3.623
1714396142000,1019,93,103,114,2.4,2.8,3.2,23.3,23.3,77.8,354.73,5.502777777777778,0,0,30,0,136.8,1,-0.318894157575758,2.56157077,0,0,13.9,3.623
1714396443000,1019,82,95,100,3.4,3.5,3.7,23.3,23.3,77.7,354.73,5.502777777777778,0,0,30,0,136.8,1,-0.3105128727272728,3.41909218,0,0,14,3.624
1714396744000,1019,116,121,126,6.9,7.3,8,23.5,23.5,75.2,354.73,5.502777777777778,0,0,30,0,136.8,1,-0.2893967515151519,3.3245337100000003,0,0,14,3.623
1714397046000,1018.9,91,101,113,4.4,5.2,5.8,23.9,23.9,73.1,354.73,5.502777777777778,0,0,30,0,136.8,1,-0.28830758787878796,8.87910024,0,0,14,3.623
1714397346000,1019,91,105,116,4.7,5.4,5.9,23.8,23.8,70.9,354.73,5.502777777777778,0,0,30,0,136.8,1,-0.28466152727272753,10.44505871,0,0,14,3.623
1714397648000,1019,87,95,102,7,7.6,8,23.9,23.9,67.4,354.73,5.502777777777778,0,0,30,0,136.8,1,-0.2738195393939393,9.48093437,0,0,14,3.622
1714397948000,1019.1,92,104,115,4.4,4.9,5.5,23.9,23.9,66.2,354.73,5.502777777777778,0,0,30,0,136.8,1,-0.2663846787878792,9.587379649999999,0,0,14,3.622
1714398249000,1019.1,94,102,113,3.3,3.8,4.3,24,24,67,354.73,5.502777777777778,0,0,30,0,136.8,1,-0.24147975757575768,9.8240123,0,0,13.7,3.623
1714398551000,1019.2,59,98,114,1.5,4.7,6.6,24.2,24.2,66.7,354.73,5.502777777777778,0,0,30,0,136.8,1,-0.23537299393939426,10.051206969999999,0,0,13.9,3.622
1714398852000,1019.1,108,111,119,4.5,5.8,7.4,24.3,24.3,65.9,354.73,5.502777777777778,0,0,30,0,136.8,1,-0.2260452848484853,10.27905326,0,0,13.9,3.622
1714399153000,1019.2,90,97,117,5.1,5.6,6.9,24.2,24.2,63.8,354.73,5.502777777777778,0,0,30,0,136.8,1,-0.2056863030303031,10.68689381,0,0,14,3.622
1714399453000,1019.1,81,94,106,5.4,6,6.7,24.4,24.4,67.6,354.73,5.502777777777778,0,0,30,0,136.8,1,-0.20251500606060624,11.45262088,0,0,13.7,3.622
1714399755000,1019.2,112,121,128,4.8,5.4,5.7,24.3,24.3,64.8,354.73,5.502777777777778,0,0,30,0,136.8,1,-0.1910089696969699,7.53968482,0,0,14.1,3.622
1714400056000,1019.2,90,97,104,3.1,4.4,6.1,24.5,24.5,67.9,354.73,5.502777777777778,0,0,30,0,136.8,1,-0.17983495757575785,5.812933859999999,0,0,13.9,3.623
1714400356000,1019.2,94,99,101,3.9,4.3,4.7,24.4,24.4,68.1,354.73,5.502777777777778,0,0,30,0,136.8,1,-0.16766797575757586,8.120372829999999,0,0,13.6,3.622
1714400658000,1019.3,68,83,95,3.9,4.2,4.4,24.3,24.3,63.3,354.73,5.502777777777778,0,0,30,0,136.8,1,-0.14522375757575778,5.6261081,0,0,13.7,3.623
1714400958000,1019.3,116,121,129,5.1,5.9,6.3,24.4,24.4,65.3,354.73,5.502777777777778,0,0,30,0,136.8,1,-0.14233483636363653,12.08456616,0,0,13.7,3.623
1714401259000,1019.3,96,114,125,3.7,4.4,5.4,24.6,24.6,69.7,354.73,5.502777777777778,0,0,30,0,136.8,1,-0.10957304242424293,9.00588237,0,0,13.8,3.623
1714401560000,1019.3,107,114,121,3.6,4.8,5.4,24.3,24.3,68.6,354.73,5.502777777777778,0,0,30,0,136.8,1,-0.12211859393939406,6.17847166,0,0,13.9,3.623
1714401862000,1019.1,131,134,137,7.3,8.3,9.2,24.2,24.2,65.1,354.73,5.502777777777778,0,0,30,0,136.8,1,-0.1257646545454545,9.60299751,0,0,14.2,3.622
1714402163000,1019.2,123,130,134,5.8,6.6,7.1,24.1,24.1,70.6,354.73,5.502777777777778,0,0,30,0,136.8,1,-0.25526031515151537,6.52675204,0,0,14.1,3.622
1714402464000,1019.3,129,134,137,6,6.7,7.1,24,24,68,354.73,5.502777777777778,0,0,30,0,136.8,1,-0.0985417696969697,16.329513119999998,0,0,14.4,3.622
1714402765000,1019.4,127,134,141,3.6,4.3,4.7,24.2,24.2,70.2,354.73,5.502777777777778,0,0,30,0,136.8,1,-0.07993289696969752,11.146821919999999,0,0,13.6,3.622
1714403066000,1019.4,124,133,145,3.9,4.4,5.4,24.3,24.3,73.3,354.73,5.502777777777778,0,0,30,0,136.8,1,-0.052424533333333745,6.07723934,0,0,13.6,3.622
1714403367000,1019.3,128,142,153,3.2,3.6,4.2,24.3,24.3,74.6,354.73,5.502777777777778,0,0,30,0,136.8,1,-0.06393056969697009,6.38206087,0,0,13.6,3.622
1714403668000,1019.3,111,116,122,4.6,5,5.4,24.1,24.1,72.6,354.73,5.502777777777778,0,0,30,0,136.8,1,-0.05029275151515189,7.70064547,0,0,13.7,3.622
1714403969000,1019.3,98,111,121,4.1,4.3,4.7,24,24,71.4,354.73,5.502777777777778,0,0,30,0,136.8,1,-0.0321586424242426,10.25740266,0,0,13.7,3.622
1714404270000,1019.3,109,112,115,5.4,5.9,6.3,24.2,24.2,69.3,354.73,5.502777777777778,0,0,30,0,136.8,1,-0.025105454545454542,9.39126305,0,0,13.8,3.622
1714404571000,1019.2,108,113,117,5.5,6.1,7,24.2,24.2,68.4,354.73,5.502777777777778,0,0,30,0,136.8,1,-0.02486962424242467,20.63938035,0,0,14,3.622
1714404872000,1019.2,99,108,121,3.8,4,4.5,24.3,24.3,70.2,354.73,5.502777777777778,0,0,30,0,136.8,1,-0.018145357575757748,7.49851715,0,0,14.5,3.622
1714405173000,1019.2,108,116,120,3.9,5.1,5.5,24.4,24.4,72.3,354.73,5.502777777777778,0,0,30,0,136.8,1,-0.026287709090909273,8.27286242,0,0,14.5,3.622
1714405474000,1019.1,109,117,124,5.8,6.8,7.5,24.2,24.2,68.9,354.73,5.502777777777778,0,0,30,0,136.8,1,0.007802181818181486,7.53496583,0,0,14,3.622
1714405775000,1019,121,122,128,5,5.3,6,24.4,24.4,69.7,354.73,5.502777777777778,0,0,30,0,136.8,1,0.014430254545454435,17.68682707,0,0,14.3,3.623
1714406076000,1019,116,120,124,6,6.3,6.9,24.5,24.5,69.4,354.73,5.502777777777778,0,0,30,0,136.8,1,0.017648096969696825,16.49420482,0,0,14.5,3.622
1714406377000,1018.9,101,108,117,3.5,4.3,5.1,24.5,24.5,69.1,354.73,5.502777777777778,0,0,30,0,136.8,1,-0.028655321212121443,11.199876399999999,0,0,14.5,3.623
1714406678000,1018.8,112,115,117,8.3,9,9.5,24.2,24.2,63.4,354.73,5.502777777777778,0,0,30,0,136.8,1,0.019590593939393885,6.6649164999999995,0,0,14.4,3.622
1714406979000,1018.8,110,117,121,4.4,5.1,6.1,24.4,24.4,65.2,354.73,5.502777777777778,0,0,30,0,136.8,1,0.024136533333332988,5.95647944,0,0,14.2,3.622
1714407280000,1018.8,99,113,122,3.3,3.7,4,24.4,24.4,66.7,354.73,5.502777777777778,0,0,30,0,136.8,1,0.034032096969697,13.0706564,0,0,14.4,3.623
1714407581000,1018.8,119,122,133,5.1,5.6,6.3,24.6,24.6,65.1,354.73,5.502777777777778,0,0,30,0,136.8,1,0.03971374545454531,12.915392169999999,0,0,14.5,3.623
1714407882000,1018.9,118,123,126,4.7,5.3,5.8,24.7,24.7,63.4,354.73,5.502777777777778,0,0,30,0,136.8,1,0.03649279999999955,10.49274258,0,0,14.5,3.623
1714408183000,1018.8,115,122,126,6.8,7.2,7.4,24.7,24.7,60.8,354.73,5.502777777777778,0,0,30,0,136.8,1,0.03175757575757565,13.34895069,0,0,14.6,3.623
1714408484000,1018.7,115,126,135,5.5,6.4,6.9,24.9,24.9,66,354.73,5.502777777777778,0,0,30,0,136.8,1,0.03767815757575721,17.21892187,0,0,14.7,3.623
1714408785000,1018.7,115,125,131,5.6,6.1,6.8,24.7,24.7,65.8,354.73,5.502777777777778,0,0,30,0,136.8,1,0.04733478787878731,9.70227497,0,0,14.1,3.622
1714409086000,1018.7,121,125,130,6.6,7.1,7.4,24.7,24.7,63.8,354.73,5.502777777777778,0,0,30,0,136.8,1,0.024468557575757277,12.23495375,0,0,14.7,3.622
1714409387000,1018.6,108,117,123,5.6,6.6,7.1,24.7,24.7,64.2,354.73,5.502777777777778,0,0,30,0,136.8,1,0.034885430303030374,13.47524936,0,0,14.6,3.622
1714409688000,1018.6,112,118,131,5.3,5.8,6,24.8,24.8,65.2,354.73,5.502777777777778,0,0,30,0,136.8,1,0.04705241212121192,14.491440240000001,0,0,14.6,3.622
1714409989000,1018.6,119,126,134,5.5,6.2,6.5,24.8,24.8,65.6,354.73,5.502777777777778,0,0,30,0,136.8,1,0.03455340606060586,7.98691685,0,0,13.9,3.623
1714410290000,1018.4,112,115,116,6.6,7,7.5,24.8,24.8,60.7,354.73,5.502777777777778,0,0,30,0,136.8,1,0.03654244848484822,15.92589759,0,0,14.5,3.623
1714410591000,1018.4,92,100,109,3.7,4.1,4.5,24.7,24.7,61,354.73,5.502777777777778,0,0,30,0,136.8,1,0.0498916848484845,15.75663404,0,0,14.7,3.622
1714410892000,1018.4,112,115,120,6.4,6.4,6.4,24.8,24.8,59.8,354.73,5.502777777777778,0,0,30,0,136.8,1,0.04463825454545445,15.75256667,0,0,14.7,3.623
1714411193000,1018.4,120,125,129,6.3,6.6,7,24.8,24.8,63.8,354.73,5.502777777777778,0,0,30,0,136.8,1,0.017601551515151304,15.84094526,0,0,14.9,3.622
1714411494000,1018.4,104,109,113,4.4,4.9,5.5,24.7,24.7,63.6,354.73,5.502777777777778,0,0,30,0,136.8,1,0.028207709090908972,15.65898563,0,0,14.8,3.623
1714411795000,1018.3,122,125,128,6.8,7.1,7.4,24.8,24.8,64.6,354.73,5.502777777777778,0,0,30,0,136.8,1,0.011020024242424098,15.747196059999998,0,0,14.8,3.623
1714412096000,1018.2,115,119,127,5.1,5.3,6.1,24.7,24.7,67,354.73,5.502777777777778,0,0,30,0,136.8,1,0.024418909090908825,12.03461213,0,0,14.2,3.623
1714412397000,1018,124,132,135,9.6,10,10.5,24.7,24.7,64.8,354.73,5.502777777777778,0,0,30,0,136.8,1,0.01987607272727243,15.71742123,0,0,14,3.622
1714412698000,1018,116,125,133,5.6,6.6,7.5,24.6,24.6,67,354.73,5.502777777777778,0,0,30,0,136.8,1,0.0012672000000000239,15.5134957,0,0,13.6,3.622
1714412999000,1018,122,127,131,5.5,6.2,7.2,24.7,24.7,67.3,354.73,5.502777777777778,0,0,30,0,136.8,1,0.007091587878787831,15.471665899999998,0,0,13.7,3.622
1714413300000,1018,115,121,127,5.8,6.3,7.3,24.7,24.7,66.5,354.73,5.502777777777778,0,0,30,0,136.8,1,-0.012888824242424546,15.52602362,0,0,13.6,3.622
1714413601000,1018,121,124,127,6.5,6.8,7.1,24.6,24.6,63.2,354.73,5.502777777777778,0,0,30,0,136.8,1,-0.019234521212121436,15.361489570000002,0,0,13.8,3.622
1714413902000,1018.1,116,118,119,5.8,6.1,6.6,24.7,24.7,64.4,354.73,5.502777777777778,0,0,30,0,136.8,1,-0.024016290909091076,15.93403233,0,0,14.1,3.622
1714414203000,1018,110,115,120,5.3,5.5,5.9,24.8,24.8,62.5,354.73,5.502777777777778,0,0,30,0,136.8,1,-0.016581430303030498,16.883989189999998,0,0,14.6,3.622
1714414504000,1018,112,118,129,4.5,5.5,6,24.8,24.8,62.5,354.73,5.502777777777778,0,0,30,0,136.8,1,-0.030976387878788092,15.14812606,0,0,14.6,3.623
1714414805000,1018,102,112,117,4.7,5.3,5.9,24.7,24.7,65.9,354.73,5.502777777777778,0,0,30,0,136.8,1,-0.037747200000000314,15.8523381,0,0,14.2,3.622
1714415106000,1018,121,126,130,4.9,5.4,6.1,24.7,24.7,66.2,354.73,5.502777777777778,0,0,30,0,136.8,1,-0.0539388121212121,16.83728275,0,0,14.3,3.623
1714415407000,1018,114,119,122,5.7,5.9,6,24.6,24.6,63.8,354.73,5.502777777777778,0,0,30,0,136.8,1,-0.05673153939393938,16.797082,0,0,13.6,3.622
1714415708000,1017.8,108,122,127,5.2,6,6.5,24.7,24.7,65.4,354.73,5.502777777777778,0,0,30,0,136.8,1,-0.07685469090909125,16.08310617,0,0,13.6,3.623
1714416009000,1017.8,111,120,127,3.8,4.1,4.5,24.7,24.7,64.9,354.73,5.502777777777778,0,0,30,0,136.8,1,-0.09806700606060614,18.76420717,0,0,13.6,3.622
1714416310000,1017.8,108,113,120,3.7,4.1,4.5,24.9,24.9,68.6,354.73,5.502777777777778,0,0,30,0,136.8,1,-0.087507393939394,11.70423028,0,0,13.6,3.622
1714416611000,1017.8,107,112,118,3.7,4.1,4.5,24.9,24.9,67.4,354.73,5.502777777777778,0,0,30,0,136.8,1,-0.0859465696969699,3.3396681100000003,0,0,13.7,3.623
1714416912000,1017.6,103,110,124,4.9,5.2,5.8,24.7,24.7,61.6,354.73,5.502777777777778,0,0,30,0,136.8,1,-0.1060200727272731,15.27914372,0,0,13.7,3.622
1714417213000,1017.6,124,127,132,5.9,6.6,7.2,24.8,24.8,64.5,354.73,5.502777777777778,0,0,30,0,136.8,1,-0.12898560000000003,15.015973319999999,0,0,13.7,3.622
1714417514000,1017.4,113,118,126,4.1,4.4,4.8,24.8,24.8,64.7,354.73,5.502777777777778,0,0,30,0,136.8,1,-0.12993202424242423,10.483619899999999,0,0,14.1,3.622
1714417815000,1017.4,105,110,115,5.1,5.4,5.9,24.8,24.8,64.8,354.73,5.502777777777778,0,0,30,0,136.8,1,-0.13319951515151507,15.45409318,0,0,14.5,3.623
1714418116000,1017.5,115,119,122,5.5,6.3,6.7,24.7,24.7,63.8,354.73,5.502777777777778,0,0,30,0,136.8,1,-0.1414846060606063,13.053567139999998,0,0,13.6,3.622
1714418417000,1017.5,121,126,133,7.3,8,8.3,24.8,24.8,62.9,354.73,5.502777777777778,0,0,30,0,136.8,1,-0.16425774545454574,14.867382939999999,0,0,13.6,3.622
1714418718000,1017.5,115,123,128,5,5.5,6.6,24.9,24.9,64.5,354.73,5.502777777777778,0,0,30,0,136.8,1,-0.19834763636363695,13.72620714,0,0,13.9,3.622
1714419019000,1017.4,121,127,133,4.8,5.5,6.1,24.8,24.8,62.7,354.73,5.502777777777778,0,0,30,0,136.8,1,-0.20734332121212162,13.5453931,0,0,13.6,3.622
1714419320000,1017.4,128,131,133,7,7.6,7.9,24.8,24.8,61.7,354.73,5.502777777777778,0,0,30,0,136.8,1,-0.1978263272727272,13.405420920000001,0,0,13.7,3.622
1714419621000,1017.3,120,123,128,5.6,5.9,6.1,24.8,24.8,62.2,354.73,5.502777777777778,0,0,30,0,136.8,1,-0.21937066666666682,13.537741819999999,0,0,14.1,3.622
1714419922000,1017.3,116,122,126,5.3,5.8,6.3,24.8,24.8,62.2,354.73,5.502777777777778,0,0,30,0,136.8,1,-0.24086535757575822,14.2770993,0,0,14.6,3.622
1714420223000,1017.2,117,130,139,5.3,5.8,6.5,25,25,64.6,354.73,5.502777777777778,0,0,30,0,136.8,1,-0.23816572121212154,12.574763070000001,0,0,13.9,3.622
1714420524000,1017.2,125,128,132,5.8,6,6.4,24.9,24.9,64.2,354.73,5.502777777777778,0,0,30,0,136.8,1,-0.24716140606060621,5.11263154,0,0,13.5,3.622
1714420825000,1017.2,129,135,141,4.9,5.7,6.3,25,25,64.5,354.73,5.502777777777778,0,0,30,0,136.8,1,-0.25095020606060636,12.72254418,0,0,13.6,3.622
1714421126000,1017.1,115,122,128,3.7,4.2,4.8,24.9,24.9,63,354.73,5.502777777777778,0,0,30,0,136.8,1,-0.28466152727272753,16.15894633,0,0,13.9,3.622
1714421427000,1017.2,124,127,129,6.2,6.5,6.9,24.9,24.9,62.8,354.73,5.502777777777778,0,0,30,0,136.8,1,-0.3033634909090912,5.481091119999999,0,0,14.1,3.623
1714421728000,1017.2,118,123,128,6,6.6,6.9,24.8,24.8,60.8,354.73,5.502777777777778,0,0,30,0,136.8,1,-0.3046419393939397,7.22297648,0,0,14.1,3.623
1714422029000,1017.2,100,112,120,4.3,4.9,5.6,24.8,24.8,62.3,354.73,5.502777777777778,0,0,30,0,136.8,1,-0.31718749090909126,4.62373787,0,0,13.8,3.622
1714422330000,1017.2,107,114,120,4.7,5,5.7,24.9,24.9,61.7,354.73,5.502777777777778,0,0,30,0,136.8,1,-0.3200764121212125,5.17870791,0,0,13.9,3.623
1714422631000,1017.1,114,116,121,5.8,6.5,6.9,24.8,24.8,61.9,354.73,5.502777777777778,0,0,30,0,136.8,1,-0.32523675151515175,3.42787854,0,0,13.7,3.622
1714422932000,1017.1,100,106,117,4.7,5,5.3,24.5,24.5,64.4,354.79,5.519444444444445,0.1,0,30,0,136.8,1,-0.35464106666666684,2.5628740100000003,0,0,13.6,3.623
1714423233000,1017,107,112,117,3.7,4.1,4.6,24.7,24.7,65.1,354.79,5.519444444444445,0,0,30,0,136.8,1,-0.36965042424242434,2.93703001,0,0,13.8,3.623
1714423534000,1017,103,108,111,5.7,5.8,5.9,24.7,24.7,62.9,354.79,5.519444444444445,0,0,30,0,136.8,1,-0.39341653333333326,2.9298727,0,0,13.7,3.623
1714423835000,1017,122,128,134,5.7,6.9,7.7,24.8,24.8,64.2,354.79,5.519444444444445,0,0,30,0,136.8,1,-0.3929914181818184,3.1658537300000003,0,0,13.6,3.623
1714424136000,1017,98,108,115,4.7,5.2,5.5,24.7,24.7,60.9,354.79,5.519444444444445,0,0,30,0,136.8,1,-0.40042627878787895,7.5108769099999995,0,0,13.9,3.622
1714424437000,1017,94,110,123,4.7,5.8,7.3,24.8,24.8,62.4,354.79,5.519444444444445,0,0,30,0,136.8,1,-0.42532809696969753,10.25300948,0,0,13.6,3.623
1714424738000,1017,102,111,125,4.4,5,5.7,24.8,24.8,63.2,354.79,5.519444444444445,0,0,30,0,136.8,1,-0.4362197333333335,9.55352694,0,0,13.6,3.622
1714425039000,1017.1,107,117,124,4.8,5.4,5.9,24.8,24.8,62.6,354.79,5.519444444444445,0,0,30,0,136.8,1,-0.4530288484848488,8.88365107,0,0,13.6,3.622
1714425340000,1017.1,102,106,109,4.7,5.2,5.7,24.9,24.9,60.4,354.79,5.519444444444445,0,0,30,0,136.8,1,-0.4665673696969699,8.57524563,0,0,13.7,3.622
1714425641000,1017,104,112,124,4.2,4.6,4.9,24.9,24.9,61.4,354.79,5.519444444444445,0,0,30,0,136.8,1,-0.4781199515151515,7.89870642,0,0,13.7,3.623
1714425942000,1017,113,115,119,5.4,5.7,6.4,24.9,24.9,61.4,354.79,5.519444444444445,0,0,30,0,136.8,1,-0.48328339393939457,7.508112779999999,0,0,13.7,3.623
1714426243000,1017,106,112,123,3.9,4.6,4.9,24.9,24.9,63.7,354.79,5.519444444444445,0,0,30,0,136.8,1,-0.4888688484848487,7.2174482200000005,0,0,13.5,3.622
1714426544000,1017,97,106,120,4.2,4.6,5.3,24.9,24.9,61.9,354.79,5.519444444444445,0,0,30,0,136.8,1,-0.5125418666666666,7.00994929,0,0,14.1,3.623
1714426845000,1016.9,102,109,114,2.9,3.3,3.7,24.8,24.8,61.4,354.79,5.519444444444445,0,0,30,0,136.8,1,-0.5136775757575762,6.632861,0,0,13.8,3.622
1714427146000,1016.9,101,112,120,4,4.7,5.3,25,25,63.9,354.79,5.519444444444445,0,0,30,0,136.8,1,-0.5184128000000001,6.34187063,0,0,13.6,3.622
1714427447000,1016.9,110,117,121,5.2,5.4,5.8,24.8,24.8,63.2,354.79,5.519444444444445,0,0,30,0,136.8,1,-0.5313400242424247,6.0362293199999995,0,0,13.6,3.622
1714427748000,1016.8,106,117,123,3.6,4,4.8,24.9,24.9,64.5,354.79,5.519444444444445,0,0,30,0,136.8,1,-0.5296830060606061,5.69884781,0,0,13.7,3.623
1714428049000,1016.8,127,131,133,4.8,5.2,5.7,24.8,24.8,64,354.79,5.519444444444445,0,0,30,0,136.8,1,-0.5599840969696972,5.37839791,0,0,13.8,3.622
1714428350000,1016.8,98,107,113,3.8,4.1,4.3,24.8,24.8,64.1,354.79,5.519444444444445,0,0,30,0,136.8,1,-0.5480064000000002,5.089856370000001,0,0,13.9,3.622
1714428651000,1016.7,118,122,126,4.4,4.5,4.7,24.8,24.8,61.6,354.79,5.519444444444445,0,0,30,0,136.8,1,-0.5559129212121214,4.71390316,0,0,14.1,3.622
1714428952000,1016.8,109,114,122,4.1,4.7,4.9,24.9,24.9,67.1,354.79,5.519444444444445,0,0,30,0,136.8,1,-0.5656192000000004,4.44715936,0,0,13.6,3.623
1714429253000,1016.7,115,124,130,3.7,3.9,4.4,24.9,24.9,67.4,354.79,5.519444444444445,0,0,30,0,136.8,1,-0.5712046545454545,4.10994601,0,0,13.9,3.623
1714429554000,1016.7,124,129,136,4.1,4.5,4.8,24.9,24.9,66.8,354.79,5.519444444444445,0,0,30,0,136.8,1,-0.5798217696969701,3.83051664,0,0,13.7,3.622
1714429855000,1016.8,116,117,120,4.5,4.6,4.8,24.8,24.8,64.3,354.79,5.519444444444445,0,0,30,0,136.8,1,-0.595731006060606,3.50517959,0,0,13.6,3.622
1714430156000,1016.8,105,112,117,3.5,3.8,4.1,24.8,24.8,64.7,354.79,5.519444444444445,0,0,30,0,136.8,1,-0.5867353212121214,3.19775158,0,0,13.6,3.623
1714430457000,1016.8,108,113,120,3.5,3.7,3.9,24.8,24.8,65.5,354.79,5.519444444444445,0,0,30,0,136.8,1,-0.5956844606060612,2.9166826500000003,0,0,13.6,3.622
1714430758000,1016.9,113,120,125,4.3,4.5,4.7,24.9,24.9,68.4,354.79,5.519444444444445,0,0,30,0,136.8,1,-0.5927024484848489,2.65401673,0,0,13.6,3.622
1714431059000,1016.8,107,114,122,4.1,4.4,4.8,24.8,24.8,65,354.79,5.519444444444445,0,0,30,0,136.8,1,-0.6023125333333335,0.89276144,0,0,13.8,3.622
1714431360000,1016.8,115,119,123,4.1,4.3,4.8,24.9,24.9,68.5,354.79,5.519444444444445,0,0,30,0,136.8,1,-0.6089406060606062,1.0680367100000001,0,0,13.7,3.622
1714431661000,1016.8,113,117,122,3.8,4.3,4.6,24.9,24.9,68.6,354.79,5.519444444444445,0,0,30,0,136.8,1,-0.6106938181818182,0.76126032,0,0,13.6,3.623
1714431962000,1016.8,109,114,122,4.1,4.6,5.1,24.8,24.8,65.2,354.79,5.519444444444445,0,0,30,0,136.8,1,-0.6061013333333336,0.84768405,0,0,13.5,3.622
1714432263000,1016.8,98,110,126,2.7,3.1,3.7,24.9,24.9,70,354.79,5.519444444444445,0,0,30,0,136.8,1,-0.6088940606060613,0.73017174,0,0,13.5,3.623
1714432564000,1016.8,118,124,131,4.6,5.3,5.8,24.9,24.9,69.2,354.79,5.519444444444445,0,0,30,0,136.8,1,-0.6034016969696974,0.7584961899999999,0,0,13.5,3.623
1714432865000,1016.8,107,114,121,4.4,4.7,5,24.9,24.9,69.7,354.79,5.519444444444445,0,0,30,0,136.8,1,-0.6020767030303036,0.62682691,0,0,13.4,3.622
1714433166000,1016.8,88,102,116,3,3.5,3.6,24.8,24.8,68.8,354.79,5.519444444444445,0,0,30,0,136.8,1,-0.5953989818181822,0.41884452,0,0,13.4,3.623
1714433467000,1016.6,99,105,112,3.4,3.6,3.8,24.8,24.8,68.5,354.79,5.519444444444445,0,0,30,0,136.8,1,-0.5948807757575763,0.34331966,0,0,13.4,3.623
1714433768000,1016.6,83,92,102,2.8,3.5,3.8,24.8,24.8,69.1,354.79,5.519444444444445,0,0,30,0,136.8,1,-0.5775503515151521,0.28587199999999996,0,0,13.3,3.623
1714434069000,1016.8,89,104,114,3.5,3.8,4.1,24.7,24.7,69.7,354.79,5.519444444444445,0,0,30,0,136.8,1,-0.5711581090909092,0.18448203,0,0,13.4,3.624
1714434370000,1016.8,98,106,119,3.5,4,4.4,24.7,24.7,69.4,354.79,5.519444444444445,0,0,30,0,136.8,1,-0.5736219151515156,0.10815841,0,0,13.4,3.623
1714434671000,1016.7,79,90,97,4.2,4.4,4.8,24.7,24.7,67.6,354.79,5.519444444444445,0,0,30,0,136.8,1,-0.564055272727273,0.05460996,0,0,13.3,3.622
1714434972000,1016.8,88,97,106,3.9,4.5,4.9,24.8,24.8,70.1,354.79,5.519444444444445,0,0,30,0,136.8,1,-0.5725327515151521,0.025318590000000002,0,0,13.3,3.623
1714435273000,1016.8,103,112,120,5.8,6.5,7.4,24.6,24.6,70.9,354.79,5.519444444444445,0,0,30,0,136.8,1,-0.5758467878787883,0.00611682,0,0,13.3,3.623
1714435574000,1016.8,115,120,128,5.8,6.7,7.3,24.4,24.4,68.2,354.79,5.519444444444445,0,0,30,0,136.8,1,-0.5597948121212126,0.00042040000000000003,0,0,13.3,3.623
1714435875000,1016.8,102,110,113,6.6,7.4,7.9,24.4,24.4,68.1,354.79,5.519444444444445,0,0,30,0,136.8,1,-0.5479567515151516,-0.00479256,0,0,13.3,3.622
1714436176000,1016.8,120,123,128,5.3,5.8,6.2,24.6,24.6,70.8,354.79,5.519444444444445,0,0,30,0,136.8,1,-0.5264155151515157,-0.00316351,0,0,13.3,3.623
1714436477000,1016.8,105,109,113,4.1,4.3,4.7,24.6,24.6,71.1,354.79,5.519444444444445,0,0,30,0,136.8,1,-0.5230549333333334,-0.00429859,0,0,13.3,3.623
1714436778000,1016.8,106,115,123,2.6,2.8,3.3,24.6,24.6,72.6,354.79,5.522222222222222,0,0,30,0,136.8,1,-0.5301081212121215,-0.00479256,0,0,13.3,3.624
1714437079000,1016.9,130,133,137,2.5,2.9,3.1,24.6,24.6,73.5,354.93,5.558333333333334,2.4,0,30,0,136.8,1,-0.50558176969697,-0.00235424,0,0,13.3,3.623
1714437380000,1016.9,117,119,121,2.5,2.6,2.7,24.5,24.5,73.1,354.94,5.566666666666666,0,0,30,0,136.8,1,-0.49535728484848507,-0.0046244,0,0,13.3,3.623
1714437681000,1016.9,117,120,122,5.6,5.8,6,24.6,24.6,73,354.94,5.566666666666666,0,0,30,0,136.8,1,-0.49123646060606063,-0.004466749999999999,0,0,13.3,3.623
1714437982000,1016.9,111,116,121,5.2,5.9,6.4,24.8,24.8,70.8,354.94,5.566666666666666,0,0,30,0,136.8,1,-0.48503350303030324,-0.00429859,0,0,13.3,3.623
1714438283000,1016.8,111,116,124,4.9,5.5,6,24.8,24.8,71.2,354.94,5.566666666666666,0,0,30,0,136.8,1,-0.46685284848484887,-0.004466749999999999,0,0,13.3,3.623
1714438584000,1016.9,109,114,119,4.4,4.6,5.1,24.9,24.9,72,354.94,5.566666666666666,0,0,30,0,136.8,1,-0.45804644848484877,-0.00429859,0,0,13.3,3.623
1714438885000,1017,102,113,119,4,4.9,5.3,24.9,24.9,69.9,354.94,5.566666666666666,0,0,30,0,136.8,1,-0.9846865454545455,-0.00381513,0,0,13.3,3.622
1714439186000,1017,96,107,116,3.7,4.1,4.7,24.9,24.9,71.4,354.94,5.566666666666666,0,0,30,0,136.8,1,-0.42854904242424263,-0.00429859,0,0,13.3,3.622
1714439487000,1017,98,108,115,2.3,3.2,3.9,24.9,24.9,71.7,354.94,5.566666666666666,0,0,30,0,136.8,1,-0.42878487272727295,-0.00414094,0,0,13.3,3.622
1714439789000,1017,98,104,111,5.6,6,6.2,24.9,24.9,70.6,354.94,5.566666666666666,0,0,30,0,136.8,1,-0.4133504000000001,-0.00495021,0,0,13.3,3.623
1714440089000,1017.1,100,115,123,4,4.4,5.1,24.9,24.9,71.4,354.94,5.566666666666666,0,0,30,0,136.8,1,-0.3878776242424249,-0.00381513,0,0,13.3,3.623
1714440390000,1017,89,95,102,3.7,3.8,4,24.9,24.9,70.5,354.94,5.566666666666666,0,0,30,0,136.8,1,-0.37102196363636386,-0.00544418,0,0,13.3,3.624
1714440691000,1017.2,107,114,118,4.1,4.7,5.5,24.8,24.8,68.3,354.94,5.566666666666666,0,0,30,0,136.8,1,-0.3491021575757576,-0.00381513,0,0,13.3,3.622
1714440992000,1017.2,86,95,105,3.8,4.1,4.3,25,25,71.1,354.94,5.566666666666666,0,0,30,0,136.8,1,-0.34351360000000053,-0.00429859,0,0,13.3,3.623
1714441293000,1017.2,105,110,113,5,5.6,6,25,25,70.4,354.94,5.566666666666666,0,0,30,0,136.8,1,-0.3341393454545454,-0.00479256,0,0,13.3,3.623
1714441595000,1017.3,105,115,118,3.9,4.3,5.3,24.9,24.9,70,354.94,5.566666666666666,0,0,30,0,136.8,1,-0.3125019151515156,-0.004466749999999999,0,0,13.3,3.623
1714441895000,1017.3,95,103,109,4.2,4.9,5.3,25,25,71.1,354.94,5.566666666666666,0,0,30,0,136.8,1,-0.3163372606060606,-0.004466749999999999,0,0,13.3,3.622
1714442196000,1017.3,98,104,108,3.4,3.6,3.8,25,25,70,354.94,5.566666666666666,0,0,30,0,136.8,1,-0.2928535272727273,-0.0046244,0,0,13.3,3.623
1714442497000,1017.3,112,119,124,4.3,4.6,4.8,24.9,24.9,70.1,354.94,5.566666666666666,0,0,30,0,136.8,1,-0.28948984242424247,-0.00414094,0,0,13.3,3.622
1714442798000,1017.3,93,109,118,4.2,4.9,5.7,25,25,70.6,354.94,5.566666666666666,0,0,30,0,136.8,1,-0.25298579393939447,-0.0046244,0,0,13.3,3.623
1714443100000,1017.4,107,123,135,3.5,4.4,5.4,24.9,24.9,69.6,354.94,5.566666666666666,0,0,30,0,136.8,1,-0.25005032727272747,-0.0028377,0,0,13.3,3.622
1714443401000,1017.4,106,114,129,2.9,3.2,3.9,25,25,72.1,354.94,5.566666666666666,0,0,30,0,136.8,1,-0.21913173333333358,-0.00495021,0,0,13.3,3.623
1714443702000,1017.5,79,91,119,3.9,4.1,4.7,25.1,25.1,72.8,354.94,5.566666666666666,0,0,30,0,136.8,1,-0.21269294545454542,-0.0034893199999999997,0,0,13.3,3.623
1714444003000,1017.6,111,114,117,4.3,4.6,4.8,25,25,72.7,354.94,5.566666666666666,0,0,30,0,136.8,1,-0.18613100606060629,-0.00333167,0,0,13.3,3.623
1714444303000,1017.5,105,117,124,4.8,5.1,5.4,24.9,24.9,70.8,354.94,5.566666666666666,0,0,30,0,136.8,1,-0.17718496969696984,-0.004466749999999999,0,0,13.3,3.623
1714444605000,1017.6,110,115,119,4.1,4.4,4.7,25,25,72.7,354.94,5.566666666666666,0,0,30,0,136.8,1,-0.16288620606060622,-0.00397278,0,0,13.3,3.623
1714444905000,1017.6,105,110,116,3.7,4,4.4,24.9,24.9,71.2,354.94,5.566666666666666,0,0,30,0,136.8,1,-0.1525158787878791,-0.004466749999999999,0,0,13.3,3.623
1714445206000,1017.7,107,111,116,3.7,4.2,4.7,25.1,25.1,73.3,354.94,5.566666666666666,0,0,30,0,136.8,1,-0.12827500606060616,-0.00381513,0,0,13.3,3.623
1714445508000,1017.7,90,101,119,3.6,4.6,5.4,25.1,25.1,72.6,354.94,5.566666666666666,0,0,30,0,136.8,1,-0.1210294303030306,-0.00576999,0,0,13.3,3.622
1714445809000,1017.8,104,109,112,4.7,5.3,6,24.9,24.9,72.5,354.94,5.566666666666666,0,0,30,0,136.8,1,-0.10479127272727284,-0.00365748,0,0,13.3,3.622
1714446110000,1017.8,105,109,115,4.6,4.8,5.1,24.9,24.9,72.5,354.94,5.566666666666666,0,0,30,0,136.8,1,-0.08106860606060629,-0.00300586,0,0,13.3,3.622
1714446410000,1017.8,114,116,119,4.5,5,5.8,24.8,24.8,71.6,354.94,5.566666666666666,0,0,30,0,136.8,1,-0.07671195151515153,-0.00429859,0,0,13.2,3.623
1714446712000,1017.8,97,105,109,2.8,3.1,3.6,25,25,73.1,354.94,5.566666666666666,0,0,30,0,136.8,1,-0.06582341818181803,-0.0034893199999999997,0,0,13.3,3.623
1714447013000,1017.8,119,120,123,4.7,5,5.4,24.9,24.9,73.1,354.94,5.566666666666666,0,0,30,0,136.8,1,-0.05024620606060659,-0.0034893199999999997,0,0,13.2,3.623
1714447314000,1017.8,96,109,120,4,4.3,4.5,25.1,25.1,73.3,354.94,5.566666666666666,0,0,30,0,136.8,1,-0.033105066666666794,-0.0034893199999999997,0,0,13.3,3.623
1714447615000,1017.7,90,105,121,2.7,3,3.3,24.9,24.9,73.3,354.94,5.566666666666666,0,0,30,0,136.8,1,-0.019895466666667083,-0.00397278,0,0,13.3,3.623
1714447916000,1017.6,101,110,116,4.2,4.8,6,24.9,24.9,72,354.94,5.566666666666666,0,0,30,0,136.8,1,-0.020323684848485124,-0.00495021,0,0,13.3,3.622
1714448217000,1017.7,91,100,108,2.9,3.2,3.6,25,25,73.2,354.94,5.566666666666666,0,0,30,0,136.8,1,0.02058666666666653,-0.00300586,0,0,13.3,3.622
1714448518000,1017.7,95,105,111,5.6,6.1,6.7,25,25,71.6,354.94,5.566666666666666,0,0,30,0,136.8,1,0.036303515151514754,-0.00381513,0,0,13.3,3.623
1714448819000,1017.6,111,114,120,3.9,4.8,5.4,24.9,24.9,72.4,354.94,5.566666666666666,0,0,30,0,136.8,1,0.018169406060605908,-0.00381513,0,0,13.3,3.623
1714449120000,1017.6,111,115,120,6.7,7.2,7.6,25,25,71.6,354.94,5.566666666666666,0,0,30,0,136.8,1,0.050887757575757586,-0.00414094,0,0,13.3,3.623
1714449421000,1017.7,91,98,103,3.8,4.2,4.5,25.1,25.1,73.7,354.94,5.566666666666666,0,0,30,0,136.8,1,0.06617949090909092,-0.00365748,0,0,13.3,3.622